countyfp,epsg
01001,26930
01003,26930
01005,26929
01007,26930
01009,26930
01011,26929
01013,26930
01015,26929
01017,26929
01019,26929
01021,26930
01023,26930
01025,26930
01027,26929
01029,26929
01031,26929
01033,26930
01035,26930
01037,26929
01039,26929
01041,26929
01043,26930
01045,26929
01047,26930
01049,26929
01051,26929
01053,26930
01055,26929
01057,26930
01059,26930
01061,26929
01063,26930
01065,26930
01067,26929
01069,26929
01071,26929
01073,26930
01075,26930
01077,26930
01079,26930
01081,26929
01083,26930
01085,26930
01087,26929
01089,26929
01091,26930
01093,26930
01095,26929
01097,26930
01099,26930
01101,26929
01103,26930
01105,26930
01107,26930
01109,26929
01111,26929
01113,26929
01115,26929
01117,26930
01119,26930
01121,26929
01123,26929
01125,26930
01127,26930
01129,26930
01131,26930
01133,26930
02013,26937
02016,26940
02020,26934
02050,26936
02060,26936
02068,26934
02070,26936
02090,26933
02100,26931
02105,26931
02110,26931
02122,26934
02130,26931
02150,26935
02158,26937
02164,26936
02170,26934
02180,26938
02185,26935
02188,26936
02195,26931
02198,26931
02220,26931
02230,26931
02240,26932
02261,26933
02270,26937
02275,26931
02282,26931
02290,26934
04001,26948
04003,26948
04005,26949
04007,26948
04009,26948
04011,26948
04012,26950
04013,26949
04015,26950
04017,26948
04019,26949
04021,26949
04023,26949
04025,26949
04027,26950
05001,26952
05003,26952
05005,26951
05007,26951
05009,26951
05011,26952
05013,26952
05015,26951
05017,26952
05019,26952
05021,26951
05023,26951
05025,26952
05027,26952
05029,26951
05031,26951
05033,26951
05035,26951
05037,26951
05039,26952
05041,26952
05043,26952
05045,26951
05047,26951
05049,26951
05051,26952
05053,26952
05055,26951
05057,26952
05059,26952
05061,26952
05063,26951
05065,26951
05067,26951
05069,26952
05071,26951
05073,26952
05075,26951
05077,26952
05079,26952
05081,26952
05083,26951
05085,26952
05087,26951
05089,26951
05091,26952
05093,26951
05095,26952
05097,26952
05099,26952
05101,26951
05103,26952
05105,26951
05107,26952
05109,26952
05111,26951
05113,26952
05115,26951
05117,26952
05119,26952
05121,26951
05123,26951
05125,26952
05127,26951
05129,26951
05131,26951
05133,26952
05135,26951
05137,26951
05139,26952
05141,26951
05143,26951
05145,26951
05147,26951
05149,26951
06001,26943
06003,26942
06005,26942
06007,26942
06009,26943
06011,26942
06013,26943
06015,26941
06017,26942
06019,26944
06021,26942
06023,26941
06025,26946
06027,26944
06029,26945
06031,26944
06033,26942
06035,26941
06037,26945
06039,26943
06041,26943
06043,26943
06045,26942
06047,26943
06049,26941
06051,26943
06053,26944
06055,26942
06057,26942
06059,26946
06061,26942
06063,26941
06065,26946
06067,26942
06069,26944
06071,26945
06073,26946
06075,26943
06077,26943
06079,26945
06081,26943
06083,26945
06085,26943
06087,26943
06089,26941
06091,26942
06093,26941
06095,26942
06097,26942
06099,26943
06101,26942
06103,26941
06105,26941
06107,26944
06109,26943
06111,26945
06113,26942
06115,26942
08001,26953
08003,26955
08005,26954
08007,26955
08009,26955
08011,26955
08013,26953
08014,26953
08015,26954
08017,26954
08019,26954
08021,26955
08023,26955
08025,26955
08027,26955
08029,26954
08031,26954
08033,26955
08035,26954
08037,26954
08039,26954
08041,26954
08043,26954
08045,26954
08047,26953
08049,26953
08051,26954
08053,26955
08055,26955
08057,26953
08059,26954
08061,26955
08063,26954
08065,26954
08067,26955
08069,26953
08071,26955
08073,26954
08075,26953
08077,26954
08079,26955
08081,26953
08083,26955
08085,26955
08087,26953
08089,26955
08091,26955
08093,26954
08095,26953
08097,26954
08099,26955
08101,26955
08103,26953
08105,26955
08107,26953
08109,26955
08111,26955
08113,26955
08115,26953
08117,26954
08119,26954
08121,26953
08123,26953
08125,26953
09001,26956
09003,26956
09005,26956
09007,26956
09009,26956
09011,26956
09013,26956
09015,26956
10001,26957
10003,26957
10005,26957
11001,26985
12001,26960
12003,26960
12005,26960
12007,26960
12009,26958
12011,26958
12013,26960
12015,26959
12017,26959
12019,26958
12021,26958
12023,26960
12027,26959
12029,26960
12031,26958
12033,26960
12035,26958
12037,26960
12039,26960
12041,26960
12043,26958
12045,26960
12047,26960
12049,26959
12051,26958
12053,26959
12055,26958
12057,26959
12059,26960
12061,26958
12063,26960
12065,26960
12067,26960
12069,26958
12071,26959
12073,26960
12075,26959
12077,26960
12079,26960
12081,26959
12083,26959
12085,26958
12086,26958
12087,26958
12089,26958
12091,26960
12093,26958
12095,26958
12097,26958
12099,26958
12101,26959
12103,26959
12105,26959
12107,26958
12109,26958
12111,26958
12113,26960
12115,26959
12117,26958
12119,26959
12121,26960
12123,26960
12125,26960
12127,26958
12129,26960
12131,26960
12133,26960
13001,26966
13003,26966
13005,26966
13007,26967
13009,26966
13011,26967
13013,26967
13015,26967
13017,26967
13019,26967
13021,26967
13023,26967
13025,26966
13027,26967
13029,26966
13031,26966
13033,26966
13035,26967
13037,26967
13039,26966
13043,26966
13045,26967
13047,26967
13049,26966
13051,26966
13053,26967
13055,26967
13057,26967
13059,26967
13061,26967
13063,26967
13065,26966
13067,26967
13069,26966
13071,26967
13073,26966
13075,26967
13077,26967
13079,26967
13081,26967
13083,26967
13085,26967
13087,26967
13089,26967
13091,26966
13093,26967
13095,26967
13097,26967
13099,26967
13101,26966
13103,26966
13105,26966
13107,26966
13109,26966
13111,26967
13113,26967
13115,26967
13117,26967
13119,26966
13121,26967
13123,26967
13125,26966
13127,26966
13129,26967
13131,26967
13133,26966
13135,26967
13137,26967
13139,26967
13141,26966
13143,26967
13145,26967
13147,26966
13149,26967
13151,26967
13153,26967
13155,26967
13157,26967
13159,26967
13161,26966
13163,26966
13165,26966
13167,26966
13169,26967
13171,26967
13173,26966
13175,26966
13177,26967
13179,26966
13181,26966
13183,26966
13185,26967
13187,26967
13189,26966
13191,26966
13193,26967
13195,26966
13197,26967
13199,26967
13201,26967
13205,26967
13207,26967
13209,26966
13211,26967
13213,26967
13215,26967
13217,26967
13219,26967
13221,26966
13223,26967
13225,26967
13227,26967
13229,26966
13231,26967
13233,26967
13235,26967
13237,26967
13239,26967
13241,26967
13243,26967
13245,26966
13247,26967
13249,26967
13251,26966
13253,26967
13255,26967
13257,26966
13259,26967
13261,26967
13263,26967
13265,26966
13267,26966
13269,26967
13271,26966
13273,26967
13275,26967
13277,26967
13279,26966
13281,26967
13283,26966
13285,26967
13287,26967
13289,26967
13291,26967
13293,26967
13295,26967
13297,26967
13299,26966
13301,26966
13303,26966
13305,26966
13307,26967
13309,26966
13311,26967
13313,26967
13315,26967
13317,26966
13319,26966
13321,26967
15001,26961
15003,26963
15005,26962
15007,26964
15009,26962
16001,26970
16003,26970
16005,26968
16007,26968
16009,26970
16011,26968
16013,26969
16015,26970
16017,26970
16019,26968
16021,26970
16023,26969
16025,26969
16027,26970
16029,26968
16031,26969
16033,26968
16035,26970
16037,26969
16039,26970
16041,26968
16043,26968
16045,26970
16047,26969
16049,26970
16051,26968
16053,26969
16055,26970
16057,26970
16059,26969
16061,26970
16063,26969
16065,26968
16067,26969
16069,26970
16071,26968
16073,26970
16075,26970
16077,26968
16079,26970
16081,26968
16083,26969
16085,26970
16087,26970
17001,26972
17003,26972
17005,26972
17007,26971
17009,26972
17011,26972
17013,26972
17015,26972
17017,26972
17019,26971
17021,26972
17023,26971
17025,26971
17027,26972
17029,26971
17031,26971
17033,26971
17035,26971
17037,26971
17039,26971
17041,26971
17043,26971
17045,26971
17047,26971
17049,26971
17051,26971
17053,26971
17055,26971
17057,26972
17059,26971
17061,26972
17063,26971
17065,26971
17067,26972
17069,26971
17071,26972
17073,26972
17075,26971
17077,26972
17079,26971
17081,26971
17083,26972
17085,26972
17087,26971
17089,26971
17091,26971
17093,26971
17095,26972
17097,26971
17099,26971
17101,26971
17103,26972
17105,26971
17107,26972
17109,26972
17111,26971
17113,26971
17115,26971
17117,26972
17119,26972
17121,26971
17123,26972
17125,26972
17127,26971
17129,26972
17131,26972
17133,26972
17135,26972
17137,26972
17139,26971
17141,26972
17143,26972
17145,26972
17147,26971
17149,26972
17151,26971
17153,26972
17155,26972
17157,26972
17159,26971
17161,26972
17163,26972
17165,26971
17167,26972
17169,26972
17171,26972
17173,26971
17175,26972
17177,26972
17179,26972
17181,26972
17183,26971
17185,26971
17187,26972
17189,26972
17191,26971
17193,26971
17195,26972
17197,26971
17199,26971
17201,26972
17203,26972
18001,26973
18003,26973
18005,26973
18007,26974
18009,26973
18011,26974
18013,26973
18015,26974
18017,26973
18019,26973
18021,26974
18023,26974
18025,26974
18027,26974
18029,26973
18031,26973
18033,26973
18035,26973
18037,26974
18039,26973
18041,26973
18043,26973
18045,26974
18047,26973
18049,26973
18051,26974
18053,26973
18055,26974
18057,26973
18059,26973
18061,26973
18063,26974
18065,26973
18067,26973
18069,26973
18071,26973
18073,26974
18075,26973
18077,26973
18079,26973
18081,26973
18083,26974
18085,26973
18087,26973
18089,26974
18091,26974
18093,26974
18095,26973
18097,26973
18099,26973
18101,26974
18103,26973
18105,26974
18107,26974
18109,26974
18111,26974
18113,26973
18115,26973
18117,26974
18119,26974
18121,26974
18123,26974
18125,26974
18127,26974
18129,26974
18131,26974
18133,26974
18135,26973
18137,26973
18139,26973
18141,26973
18143,26973
18145,26973
18147,26974
18149,26974
18151,26973
18153,26974
18155,26973
18157,26974
18159,26973
18161,26973
18163,26974
18165,26974
18167,26974
18169,26973
18171,26974
18173,26974
18175,26973
18177,26973
18179,26973
18181,26974
18183,26973
19001,26976
19003,26976
19005,26975
19007,26976
19009,26976
19011,26975
19013,26975
19015,26975
19017,26975
19019,26975
19021,26975
19023,26975
19025,26975
19027,26975
19029,26976
19031,26976
19033,26975
19035,26975
19037,26975
19039,26976
19041,26975
19043,26975
19045,26976
19047,26975
19049,26976
19051,26976
19053,26976
19055,26975
19057,26976
19059,26975
19061,26975
19063,26975
19065,26975
19067,26975
19069,26975
19071,26976
19073,26975
19075,26975
19077,26976
19079,26975
19081,26975
19083,26975
19085,26976
19087,26976
19089,26975
19091,26975
19093,26975
19095,26976
19097,26975
19099,26976
19101,26976
19103,26976
19105,26975
19107,26976
19109,26975
19111,26976
19113,26975
19115,26976
19117,26976
19119,26975
19121,26976
19123,26976
19125,26976
19127,26975
19129,26976
19131,26975
19133,26975
19135,26976
19137,26976
19139,26976
19141,26975
19143,26975
19145,26976
19147,26975
19149,26975
19151,26975
19153,26976
19155,26976
19157,26976
19159,26976
19161,26975
19163,26976
19165,26976
19167,26975
19169,26975
19171,26975
19173,26976
19175,26976
19177,26976
19179,26976
19181,26976
19183,26976
19185,26976
19187,26975
19189,26975
19191,26975
19193,26975
19195,26975
19197,26975
20001,26978
20003,26978
20005,26977
20007,26978
20009,26978
20011,26978
20013,26977
20015,26978
20017,26978
20019,26978
20021,26978
20023,26977
20025,26978
20027,26977
20029,26977
20031,26978
20033,26978
20035,26978
20037,26978
20039,26977
20041,26977
20043,26977
20045,26977
20047,26978
20049,26978
20051,26977
20053,26977
20055,26978
20057,26978
20059,26978
20061,26977
20063,26977
20065,26977
20067,26978
20069,26978
20071,26978
20073,26978
20075,26978
20077,26978
20079,26978
20081,26978
20083,26978
20085,26977
20087,26977
20089,26977
20091,26977
20093,26978
20095,26978
20097,26978
20099,26978
20101,26978
20103,26977
20105,26977
20107,26978
20109,26977
20111,26978
20113,26978
20115,26978
20117,26977
20119,26978
20121,26978
20123,26977
20125,26978
20127,26977
20129,26978
20131,26977
20133,26978
20135,26978
20137,26977
20139,26978
20141,26977
20143,26977
20145,26978
20147,26977
20149,26977
20151,26978
20153,26977
20155,26978
20157,26977
20159,26978
20161,26977
20163,26977
20165,26978
20167,26977
20169,26977
20171,26978
20173,26978
20175,26978
20177,26977
20179,26977
20181,26977
20183,26977
20185,26978
20187,26978
20189,26978
20191,26978
20193,26977
20195,26977
20197,26977
20199,26977
20201,26977
20203,26978
20205,26978
20207,26978
20209,26977
21001,26980
21003,26980
21005,2205
21007,26980
21009,26980
21011,2205
21013,26980
21015,2205
21017,2205
21019,2205
21021,26980
21023,2205
21025,26980
21027,26980
21029,2205
21031,26980
21033,26980
21035,26980
21037,2205
21039,26980
21041,2205
21043,2205
21045,26980
21047,26980
21049,2205
21051,26980
21053,26980
21055,26980
21057,26980
21059,26980
21061,26980
21063,2205
21065,26980
21067,2205
21069,2205
21071,26980
21073,2205
21075,26980
21077,2205
21079,26980
21081,2205
21083,26980
21085,26980
21087,26980
21089,2205
21091,26980
21093,26980
21095,26980
21097,2205
21099,26980
21101,26980
21103,2205
21105,26980
21107,26980
21109,26980
21111,2205
21113,2205
21115,26980
21117,2205
21119,26980
21121,26980
21123,26980
21125,26980
21127,2205
21129,26980
21131,26980
21133,26980
21135,2205
21137,26980
21139,26980
21141,26980
21143,26980
21145,26980
21147,26980
21149,26980
21151,26980
21153,26980
21155,26980
21157,26980
21159,26980
21161,2205
21163,26980
21165,2205
21167,26980
21169,26980
21171,26980
21173,2205
21175,2205
21177,26980
21179,26980
21181,2205
21183,26980
21185,2205
21187,2205
21189,26980
21191,2205
21193,26980
21195,26980
21197,26980
21199,26980
21201,2205
21203,26980
21205,2205
21207,26980
21209,2205
21211,2205
21213,26980
21215,2205
21217,26980
21219,26980
21221,26980
21223,2205
21225,26980
21227,26980
21229,26980
21231,26980
21233,26980
21235,26980
21237,26980
21239,2205
22001,26982
22003,26982
22005,26982
22007,26982
22009,26981
22011,26982
22013,26981
22015,26981
22017,26981
22019,26982
22021,26981
22023,26982
22025,26981
22027,26981
22029,26981
22031,26981
22033,26982
22035,26981
22037,26982
22039,26982
22041,26981
22043,26981
22045,26982
22047,26982
22049,26981
22051,26982
22053,26982
22055,26982
22057,26982
22059,26981
22061,26981
22063,26982
22065,26981
22067,26981
22069,26981
22071,26982
22073,26981
22075,26982
22077,26982
22079,26981
22081,26981
22083,26981
22085,26981
22087,26982
22089,26982
22091,26982
22093,26982
22095,26982
22097,26982
22099,26982
22101,26982
22103,26982
22105,26982
22107,26981
22109,26982
22111,26981
22113,26982
22115,26981
22117,26982
22119,26981
22121,26982
22123,26981
22125,26982
22127,26981
23001,26984
23003,26983
23005,26984
23007,26984
23009,26983
23011,26984
23013,26983
23015,26984
23017,26984
23019,26983
23021,26983
23023,26984
23025,26984
23027,26983
23029,26983
23031,26984
24001,26985
24003,26985
24005,26985
24009,26985
24011,26985
24013,26985
24015,26985
24017,26985
24019,26985
24021,26985
24023,26985
24025,26985
24027,26985
24029,26985
24031,26985
24033,26985
24035,26985
24037,26985
24039,26985
24041,26985
24043,26985
24045,26985
24047,26985
24510,26985
25001,26986
25003,26986
25005,26986
25007,26987
25009,26986
25011,26986
25013,26986
25015,26986
25017,26986
25019,26987
25021,26986
25023,26986
25025,26986
25027,26986
26001,26989
26003,26988
26005,26990
26007,26989
26009,26989
26011,26989
26013,26988
26015,26990
26017,26990
26019,26989
26021,26990
26023,26990
26025,26990
26027,26990
26029,26989
26031,26989
26033,26988
26035,26989
26037,26990
26039,26989
26041,26988
26043,26988
26045,26990
26047,26989
26049,26990
26051,26989
26053,26988
26055,26989
26057,26990
26059,26990
26061,26988
26063,26990
26065,26990
26067,26990
26069,26989
26071,26988
26073,26990
26075,26990
26077,26990
26079,26989
26081,26990
26083,26988
26085,26989
26087,26990
26089,26989
26091,26990
26093,26990
26095,26988
26097,26988
26099,26990
26101,26989
26103,26988
26105,26989
26107,26990
26109,26988
26111,26990
26113,26989
26115,26990
26117,26990
26119,26989
26121,26990
26123,26990
26125,26990
26127,26990
26129,26989
26131,26988
26133,26989
26135,26989
26137,26989
26139,26990
26141,26989
26143,26989
26145,26990
26147,26990
26149,26990
26151,26990
26153,26988
26155,26990
26157,26990
26159,26990
26161,26990
26163,26990
26165,26989
27001,26992
27003,26993
27005,26992
27007,26991
27009,26992
27011,26993
27013,26993
27015,26993
27017,26992
27019,26993
27021,26992
27023,26993
27025,26992
27027,26992
27029,26991
27031,26991
27033,26993
27035,26992
27037,26993
27039,26993
27041,26992
27043,26993
27045,26993
27047,26993
27049,26993
27051,26992
27053,26993
27055,26993
27057,26992
27059,26992
27061,26991
27063,26993
27065,26992
27067,26993
27069,26991
27071,26991
27073,26993
27075,26991
27077,26991
27079,26993
27081,26993
27083,26993
27085,26993
27087,26991
27089,26991
27091,26993
27093,26993
27095,26992
27097,26992
27099,26993
27101,26993
27103,26993
27105,26993
27107,26991
27109,26993
27111,26992
27113,26991
27115,26992
27117,26993
27119,26991
27121,26992
27123,26993
27125,26991
27127,26993
27129,26993
27131,26993
27133,26993
27135,26991
27137,26991
27139,26993
27141,26993
27143,26993
27145,26992
27147,26993
27149,26992
27151,26993
27153,26992
27155,26992
27157,26993
27159,26992
27161,26993
27163,26993
27165,26993
27167,26992
27169,26993
27171,26993
27173,26993
28001,26995
28003,26994
28005,26995
28007,26994
28009,26994
28011,26995
28013,26994
28015,26995
28017,26994
28019,26994
28021,26995
28023,26994
28025,26994
28027,26995
28029,26995
28031,26994
28033,26995
28035,26994
28037,26995
28039,26994
28041,26994
28043,26995
28045,26994
28047,26994
28049,26995
28051,26995
28053,26995
28055,26995
28057,26994
28059,26994
28061,26994
28063,26995
28065,26995
28067,26994
28069,26994
28071,26994
28073,26994
28075,26994
28077,26995
28079,26994
28081,26994
28083,26995
28085,26995
28087,26994
28089,26995
28091,26995
28093,26994
28095,26994
28097,26995
28099,26994
28101,26994
28103,26994
28105,26994
28107,26995
28109,26994
28111,26994
28113,26995
28115,26994
28117,26994
28119,26995
28121,26995
28123,26994
28125,26995
28127,26995
28129,26994
28131,26994
28133,26995
28135,26995
28137,26995
28139,26994
28141,26994
28143,26995
28145,26994
28147,26995
28149,26995
28151,26995
28153,26994
28155,26994
28157,26995
28159,26994
28161,26995
28163,26995
29001,26997
29003,26998
29005,26998
29007,26997
29009,26998
29011,26998
29013,26998
29015,26997
29017,26996
29019,26997
29021,26998
29023,26996
29025,26998
29027,26997
29029,26997
29031,26996
29033,26997
29035,26996
29037,26998
29039,26998
29041,26997
29043,26997
29045,26996
29047,26998
29049,26998
29051,26997
29053,26997
29055,26996
29057,26998
29059,26997
29061,26998
29063,26998
29065,26996
29067,26997
29069,26951
29071,26996
29073,26996
29075,26998
29077,26997
29079,26997
29081,26998
29083,26998
29085,26997
29087,26998
29089,26997
29091,26997
29093,26996
29095,26998
29097,26998
29099,26996
29101,26998
29103,26997
29105,26997
29107,26998
29109,26998
29111,26996
29113,26996
29115,26997
29117,26997
29119,26998
29121,26997
29123,26996
29125,26997
29127,26996
29129,26997
29131,26997
29133,26996
29135,26997
29137,26997
29139,26996
29141,26997
29143,26996
29145,26998
29147,26998
29149,26996
29151,26997
29153,26997
29155,26996
29157,26996
29159,26997
29161,26997
29163,26996
29165,26998
29167,26997
29169,26997
29171,26997
29173,26996
29175,26997
29177,26998
29179,26996
29181,26996
29183,26996
29185,26998
29186,26996
29187,26996
29189,26996
29195,26997
29197,26997
29199,26997
29201,26996
29203,26996
29205,26997
29207,26996
29209,26997
29211,26997
29213,26997
29215,26997
29217,26998
29219,26996
29221,26996
29223,26996
29225,26997
29227,26998
29229,26997
29510,26996
30001,32100
30003,32100
30005,32100
30007,32100
30009,32100
30011,32100
30013,32100
30015,32100
30017,32100
30019,32100
30021,32100
30023,32100
30025,32100
30027,32100
30029,32100
30031,32100
30033,32100
30035,32100
30037,32100
30039,32100
30041,32100
30043,32100
30045,32100
30047,32100
30049,32100
30051,32100
30053,32100
30055,32100
30057,32100
30059,32100
30061,32100
30063,32100
30065,32100
30067,32100
30069,32100
30071,32100
30073,32100
30075,32100
30077,32100
30079,32100
30081,32100
30083,32100
30085,32100
30087,32100
30089,32100
30091,32100
30093,32100
30095,32100
30097,32100
30099,32100
30101,32100
30103,32100
30105,32100
30107,32100
30109,32100
30111,32100
31001,32104
31003,32104
31005,32104
31007,32104
31009,32104
31011,32104
31013,32104
31015,32104
31017,32104
31019,32104
31021,32104
31023,32104
31025,32104
31027,32104
31029,32104
31031,32104
31033,32104
31035,32104
31037,32104
31039,32104
31041,32104
31043,32104
31045,32104
31047,32104
31049,32104
31051,32104
31053,32104
31055,32104
31057,32104
31059,32104
31061,32104
31063,32104
31065,32104
31067,32104
31069,32104
31071,32104
31073,32104
31075,32104
31077,32104
31079,32104
31081,32104
31083,32104
31085,32104
31087,32104
31089,32104
31091,32104
31093,32104
31095,32104
31097,32104
31099,32104
31101,32104
31103,32104
31105,32104
31107,32104
31109,32104
31111,32104
31113,32104
31115,32104
31117,32104
31119,32104
31121,32104
31123,32104
31125,32104
31127,32104
31129,32104
31131,32104
31133,32104
31135,32104
31137,32104
31139,32104
31141,32104
31143,32104
31145,32104
31147,32104
31149,32104
31151,32104
31153,32104
31155,32104
31157,32104
31159,32104
31161,32104
31163,32104
31165,32104
31167,32104
31169,32104
31171,32104
31173,32104
31175,32104
31177,32104
31179,32104
31181,32104
31183,32104
31185,32104
32001,32109
32003,32107
32005,32109
32007,32107
32009,32109
32011,32107
32013,32109
32015,32108
32017,32107
32019,32109
32021,32109
32023,32108
32027,32109
32029,32109
32031,32109
32033,32107
32510,32109
33001,32110
33003,32110
33005,32110
33007,32110
33009,32110
33011,32110
33013,32110
33015,32110
33017,32110
33019,32110
34001,32111
34003,32111
34005,32111
34007,32111
34009,32111
34011,32111
34013,32111
34015,32111
34017,32111
34019,32111
34021,32111
34023,32111
34025,32111
34027,32111
34029,32111
34031,32111
34033,32111
34035,32111
34037,32111
34039,32111
34041,32111
35001,32113
35003,32114
35005,32112
35006,32114
35007,32112
35009,32112
35011,32112
35013,32113
35015,32112
35017,32114
35019,32112
35021,32112
35023,32114
35025,32112
35027,32113
35028,32113
35029,32114
35031,32114
35033,32112
35035,32113
35037,32112
35039,32113
35041,32112
35043,32113
35045,32114
35047,32112
35049,32113
35051,32114
35053,32113
35055,32113
35057,32113
35059,32112
35061,32113
36001,32115
36003,32117
36005,32118
36007,32116
36009,32117
36011,32116
36013,32117
36015,32116
36017,32116
36019,32115
36021,32115
36023,32116
36025,32115
36027,32115
36029,32117
36031,32115
36033,32115
36035,32115
36037,32117
36039,32115
36041,32115
36043,32115
36045,32116
36047,32118
36049,32116
36051,32117
36053,32116
36055,32117
36057,32115
36059,32118
36061,32118
36063,32117
36065,32116
36067,32116
36069,32116
36071,32115
36073,32117
36075,32116
36077,32115
36079,32115
36081,32118
36083,32115
36085,32118
36087,32115
36089,32115
36091,32115
36093,32115
36095,32115
36097,32116
36099,32116
36101,32116
36103,32118
36105,32115
36107,32116
36109,32116
36111,32115
36113,32115
36115,32115
36117,32116
36119,32115
36121,32117
36123,32116
37001,32119
37003,32119
37005,32119
37007,32119
37009,32119
37011,32119
37013,32119
37015,32119
37017,32119
37019,32119
37021,32119
37023,32119
37025,32119
37027,32119
37029,32119
37031,32119
37033,32119
37035,32119
37037,32119
37039,32119
37041,32119
37043,32119
37045,32119
37047,32119
37049,32119
37051,32119
37053,32119
37055,32119
37057,32119
37059,32119
37061,32119
37063,32119
37065,32119
37067,32119
37069,32119
37071,32119
37073,32119
37075,32119
37077,32119
37079,32119
37081,32119
37083,32119
37085,32119
37087,32119
37089,32119
37091,32119
37093,32119
37095,32119
37097,32119
37099,32119
37101,32119
37103,32119
37105,32119
37107,32119
37109,32119
37111,32119
37113,32119
37115,32119
37117,32119
37119,32119
37121,32119
37123,32119
37125,32119
37127,32119
37129,32119
37131,32119
37133,32119
37135,32119
37137,32119
37139,32119
37141,32119
37143,32119
37145,32119
37147,32119
37149,32119
37151,32119
37153,32119
37155,32119
37157,32119
37159,32119
37161,32119
37163,32119
37165,32119
37167,32119
37169,32119
37171,32119
37173,32119
37175,32119
37177,32119
37179,32119
37181,32119
37183,32119
37185,32119
37187,32119
37189,32119
37191,32119
37193,32119
37195,32119
37197,32119
37199,32119
38001,32121
38003,32121
38005,32120
38007,32121
38009,32120
38011,32121
38013,32120
38015,32121
38017,32121
38019,32120
38021,32121
38023,32120
38025,32121
38027,32120
38029,32121
38031,32120
38033,32121
38035,32120
38037,32121
38039,32120
38041,32121
38043,32121
38045,32121
38047,32121
38049,32120
38051,32121
38053,32120
38055,32120
38057,32121
38059,32121
38061,32120
38063,32120
38065,32121
38067,32120
38069,32120
38071,32120
38073,32121
38075,32120
38077,32121
38079,32120
38081,32121
38083,32120
38085,32121
38087,32121
38089,32121
38091,32120
38093,32121
38095,32120
38097,32120
38099,32120
38101,32120
38103,32120
38105,32120
39001,32123
39003,32122
39005,32122
39007,32122
39009,32123
39011,32122
39013,32123
39015,32123
39017,32123
39019,32122
39021,32123
39023,32123
39025,32123
39027,32123
39029,32122
39031,32122
39033,32122
39035,32122
39037,32123
39039,32122
39041,32122
39043,32122
39045,32123
39047,32123
39049,32123
39051,32122
39053,32123
39055,32122
39057,32123
39059,32123
39061,32123
39063,32122
39065,32122
39067,32122
39069,32122
39071,32123
39073,32123
39075,32122
39077,32122
39079,32123
39081,32122
39083,32122
39085,32122
39087,32123
39089,32123
39091,32122
39093,32122
39095,32122
39097,32123
39099,32122
39101,32122
39103,32122
39105,32123
39107,32122
39109,32123
39111,32123
39113,32123
39115,32123
39117,32122
39119,32123
39121,32123
39123,32122
39125,32122
39127,32123
39129,32123
39131,32123
39133,32122
39135,32123
39137,32122
39139,32122
39141,32123
39143,32122
39145,32123
39147,32122
39149,32122
39151,32122
39153,32122
39155,32122
39157,32122
39159,32122
39161,32122
39163,32123
39165,32123
39167,32123
39169,32122
39171,32122
39173,32122
39175,32122
40001,32124
40003,32124
40005,32125
40007,32124
40009,32125
40011,32124
40013,32125
40015,32125
40017,32124
40019,32125
40021,32124
40023,32125
40025,32124
40027,32125
40029,32125
40031,32125
40033,32125
40035,32124
40037,32124
40039,32124
40041,32124
40043,32124
40045,32124
40047,32124
40049,32125
40051,32125
40053,32124
40055,32125
40057,32125
40059,32124
40061,32125
40063,32125
40065,32125
40067,32125
40069,32125
40071,32124
40073,32124
40075,32125
40077,32125
40079,32125
40081,32124
40083,32124
40085,32125
40087,32125
40089,32125
40091,32125
40093,32124
40095,32125
40097,32124
40099,32125
40101,32124
40103,32124
40105,32124
40107,32124
40109,32124
40111,32124
40113,32124
40115,32124
40117,32124
40119,32124
40121,32125
40123,32125
40125,32125
40127,32125
40129,32124
40131,32124
40133,32125
40135,32124
40137,32125
40139,32124
40141,32125
40143,32124
40145,32124
40147,32124
40149,32125
40151,32124
40153,32124
41001,32126
41003,32126
41005,32126
41007,32126
41009,32126
41011,32127
41013,32127
41015,32127
41017,32127
41019,32127
41021,32126
41023,32126
41025,32127
41027,32126
41029,32127
41031,32126
41033,32127
41035,32127
41037,32127
41039,32127
41041,32126
41043,32126
41045,32127
41047,32126
41049,32126
41051,32126
41053,32126
41055,32126
41057,32126
41059,32126
41061,32126
41063,32126
41065,32126
41067,32126
41069,32126
41071,32126
42001,32129
42003,32129
42005,32129
42007,32129
42009,32129
42011,32129
42013,32129
42015,32128
42017,32129
42019,32129
42021,32129
42023,32128
42025,32128
42027,32128
42029,32129
42031,32128
42033,32128
42035,32128
42037,32128
42039,32128
42041,32129
42043,32129
42045,32129
42047,32128
42049,32128
42051,32129
42053,32128
42055,32129
42057,32129
42059,32129
42061,32129
42063,32129
42065,32128
42067,32129
42069,32128
42071,32129
42073,32129
42075,32129
42077,32129
42079,32128
42081,32128
42083,32128
42085,32128
42087,32129
42089,32128
42091,32129
42093,32128
42095,32129
42097,32128
42099,32129
42101,32129
42103,32128
42105,32128
42107,32129
42109,32129
42111,32129
42113,32128
42115,32128
42117,32128
42119,32128
42121,32128
42123,32128
42125,32129
42127,32128
42129,32129
42131,32128
42133,32129
44001,32130
44003,32130
44005,32130
44007,32130
44009,32130
45001,32133
45003,32133
45005,32133
45007,32133
45009,32133
45011,32133
45013,32133
45015,32133
45017,32133
45019,32133
45021,32133
45023,32133
45025,32133
45027,32133
45029,32133
45031,32133
45033,32133
45035,32133
45037,32133
45039,32133
45041,32133
45043,32133
45045,32133
45047,32133
45049,32133
45051,32133
45053,32133
45055,32133
45057,32133
45059,32133
45061,32133
45063,32133
45065,32133
45067,32133
45069,32133
45071,32133
45073,32133
45075,32133
45077,32133
45079,32133
45081,32133
45083,32133
45085,32133
45087,32133
45089,32133
45091,32133
46003,32135
46005,32134
46007,32135
46009,32135
46011,32134
46013,32134
46015,32135
46017,32135
46019,32134
46021,32134
46023,32135
46025,32134
46027,32135
46029,32134
46031,32134
46033,32135
46035,32135
46037,32134
46039,32134
46041,32134
46043,32135
46045,32134
46047,32135
46049,32134
46051,32134
46053,32135
46055,32135
46057,32134
46059,32134
46061,32135
46063,32134
46065,32135
46067,32135
46069,32134
46071,32135
46073,32135
46075,32135
46077,32134
46079,32135
46081,32134
46083,32135
46085,32135
46087,32135
46089,32134
46091,32134
46093,32134
46095,32135
46097,32135
46099,32135
46101,32135
46103,32135
46105,32134
46107,32134
46109,32134
46111,32135
46113,32135
46115,32134
46117,32135
46119,32134
46121,32135
46123,32135
46125,32135
46127,32135
46129,32134
46135,32135
46137,32134
47001,32136
47003,32136
47005,32136
47007,32136
47009,32136
47011,32136
47013,32136
47015,32136
47017,32136
47019,32136
47021,32136
47023,32136
47025,32136
47027,32136
47029,32136
47031,32136
47033,32136
47035,32136
47037,32136
47039,32136
47041,32136
47043,32136
47045,32136
47047,32136
47049,32136
47051,32136
47053,32136
47055,32136
47057,32136
47059,32136
47061,32136
47063,32136
47065,32136
47067,32136
47069,32136
47071,32136
47073,32136
47075,32136
47077,32136
47079,32136
47081,32136
47083,32136
47085,32136
47087,32136
47089,32136
47091,32136
47093,32136
47095,32136
47097,32136
47099,32136
47101,32136
47103,32136
47105,32136
47107,32136
47109,32136
47111,32136
47113,32136
47115,32136
47117,32136
47119,32136
47121,32136
47123,32136
47125,32136
47127,32136
47129,32136
47131,32136
47133,32136
47135,32136
47137,32136
47139,32136
47141,32136
47143,32136
47145,32136
47147,32136
47149,32136
47151,32136
47153,32136
47155,32136
47157,32136
47159,32136
47161,32136
47163,32136
47165,32136
47167,32136
47169,32136
47171,32136
47173,32136
47175,32136
47177,32136
47179,32136
47181,32136
47183,32136
47185,32136
47187,32136
47189,32136
48001,32139
48003,32138
48005,32139
48007,32140
48009,32138
48011,32137
48013,32140
48015,32140
48017,32138
48019,32140
48021,32139
48023,32138
48025,32140
48027,32139
48029,32140
48031,32139
48033,32138
48035,32139
48037,32138
48039,32140
48041,32139
48043,32140
48045,32137
48047,32141
48049,32139
48051,32139
48053,32139
48055,32140
48057,32140
48059,32138
48061,32141
48063,32138
48065,32137
48067,32138
48069,32137
48071,32140
48073,32139
48075,32137
48077,32138
48079,32138
48081,32139
48083,32139
48085,32138
48087,32137
48089,32140
48091,32140
48093,32139
48095,32139
48097,32138
48099,32139
48101,32138
48103,32139
48105,32139
48107,32138
48109,32139
48111,32137
48113,32138
48115,32138
48117,32137
48119,32138
48121,32138
48123,32140
48125,32138
48127,32140
48129,32137
48131,32141
48133,32138
48135,32139
48137,32140
48139,32138
48141,32139
48143,32138
48145,32139
48147,32138
48149,32140
48151,32138
48153,32138
48155,32138
48157,32140
48159,32138
48161,32139
48163,32140
48165,32138
48167,32140
48169,32138
48171,32139
48173,32139
48175,32140
48177,32140
48179,32137
48181,32138
48183,32138
48185,32139
48187,32140
48189,32138
48191,32137
48193,32139
48195,32137
48197,32138
48199,32139
48201,32140
48203,32138
48205,32137
48207,32138
48209,32140
48211,32137
48213,32138
48215,32141
48217,32138
48219,32138
48221,32138
48223,32138
48225,32139
48227,32138
48229,32139
48231,32138
48233,32137
48235,32139
48237,32138
48239,32140
48241,32139
48243,32139
48245,32140
48247,32141
48249,32141
48251,32138
48253,32138
48255,32140
48257,32138
48259,32140
48261,32141
48263,32138
48265,32140
48267,32139
48269,32138
48271,32140
48273,32141
48275,32138
48277,32138
48279,32138
48281,32139
48283,32140
48285,32140
48287,32139
48289,32139
48291,32139
48293,32139
48295,32137
48297,32140
48299,32139
48301,32139
48303,32138
48305,32138
48307,32139
48309,32139
48311,32140
48313,32139
48315,32138
48317,32138
48319,32139
48321,32140
48323,32140
48325,32140
48327,32139
48329,32139
48331,32139
48333,32139
48335,32138
48337,32138
48339,32139
48341,32137
48343,32138
48345,32138
48347,32139
48349,32138
48351,32139
48353,32138
48355,32141
48357,32137
48359,32137
48361,32139
48363,32138
48365,32138
48367,32138
48369,32137
48371,32139
48373,32139
48375,32137
48377,32140
48379,32138
48381,32137
48383,32139
48385,32140
48387,32138
48389,32139
48391,32140
48393,32137
48395,32139
48397,32138
48399,32139
48401,32138
48403,32139
48405,32139
48407,32139
48409,32141
48411,32139
48413,32139
48415,32138
48417,32138
48419,32139
48421,32137
48423,32138
48425,32138
48427,32141
48429,32138
48431,32139
48433,32138
48435,32139
48437,32137
48439,32138
48441,32138
48443,32140
48445,32138
48447,32138
48449,32138
48451,32139
48453,32139
48455,32139
48457,32139
48459,32138
48461,32139
48463,32140
48465,32140
48467,32138
48469,32140
48471,32139
48473,32140
48475,32139
48477,32139
48479,32141
48481,32140
48483,32137
48485,32138
48487,32138
48489,32141
48491,32139
48493,32140
48495,32139
48497,32138
48499,32138
48501,32138
48503,32138
48505,32141
48507,32140
49001,32144
49003,32142
49005,32142
49007,32143
49009,32142
49011,32142
49013,32143
49015,32143
49017,32144
49019,32143
49021,32144
49023,32143
49025,32144
49027,32143
49029,32142
49031,32144
49033,32142
49035,32143
49037,32144
49039,32143
49041,32143
49043,32142
49045,32143
49047,32143
49049,32143
49051,32143
49053,32144
49055,32144
49057,32142
50001,32145
50003,32145
50005,32145
50007,32145
50009,32145
50011,32145
50013,32145
50015,32145
50017,32145
50019,32145
50021,32145
50023,32145
50025,32145
50027,32145
51001,32147
51003,32147
51005,32147
51007,32147
51009,32147
51011,32147
51013,32146
51015,32146
51017,32146
51019,32147
51021,32147
51023,32147
51025,32147
51027,32147
51029,32147
51031,32147
51033,32146
51035,32147
51036,32147
51037,32147
51041,32147
51043,32146
51045,32147
51047,32146
51049,32147
51051,32147
51053,32147
51057,32147
51059,32146
51061,32146
51063,32147
51065,32147
51067,32147
51069,32146
51071,32147
51073,32147
51075,32147
51077,32147
51079,32146
51081,32147
51083,32147
51085,32147
51087,32147
51089,32147
51091,32146
51093,32147
51095,32147
51097,32147
51099,32146
51101,32147
51103,32147
51105,32147
51107,32146
51109,32147
51111,32147
51113,32146
51115,32147
51117,32147
51119,32147
51121,32147
51125,32147
51127,32147
51131,32147
51133,32147
51135,32147
51137,32146
51139,32146
51141,32147
51143,32147
51145,32147
51147,32147
51149,32147
51153,32146
51155,32147
51157,32146
51159,32147
51161,32147
51163,32147
51165,32146
51167,32147
51169,32147
51171,32146
51173,32147
51175,32147
51177,32146
51179,32146
51181,32147
51183,32147
51185,32147
51187,32146
51191,32147
51193,32146
51195,32147
51197,32147
51199,32147
51510,32146
51515,32147
51520,32147
51530,32147
51540,32147
51550,32147
51570,32147
51580,32147
51590,32147
51595,32147
51600,32146
51610,32146
51620,32147
51630,32146
51640,32147
51650,32147
51660,32146
51670,32147
51678,32147
51680,32147
51683,32146
51685,32146
51690,32147
51700,32147
51710,32147
51720,32147
51730,32147
51735,32147
51740,32147
51750,32147
51760,32147
51770,32147
51775,32147
51790,32146
51800,32147
51810,32147
51820,32146
51830,32147
51840,32146
53001,32149
53003,32149
53005,32149
53007,32148
53009,32148
53011,32149
53013,32149
53015,32149
53017,32148
53019,32148
53021,32149
53023,32149
53025,32149
53027,32149
53029,32148
53031,32148
53033,32148
53035,32148
53037,32149
53039,32149
53041,32149
53043,32148
53045,32149
53047,32148
53049,32149
53051,32148
53053,32149
53055,32148
53057,32148
53059,32149
53061,32148
53063,32148
53065,32148
53067,32149
53069,32149
53071,32149
53073,32148
53075,32149
53077,32149
54001,32150
54003,32150
54005,32151
54007,32151
54009,32150
54011,32151
54013,32151
54015,32151
54017,32150
54019,32151
54021,32151
54023,32150
54025,32151
54027,32150
54029,32150
54031,32150
54033,32150
54035,32151
54037,32150
54039,32151
54041,32151
54043,32151
54045,32151
54047,32151
54049,32150
54051,32150
54053,32151
54055,32151
54057,32150
54059,32151
54061,32150
54063,32151
54065,32150
54067,32151
54069,32150
54071,32151
54073,32150
54075,32151
54077,32150
54079,32151
54081,32151
54083,32151
54085,32150
54087,32151
54089,32151
54091,32150
54093,32150
54095,32150
54097,32151
54099,32151
54101,32151
54103,32150
54105,32150
54107,32150
54109,32151
55001,32154
55003,32152
55005,32153
55007,32152
55009,32153
55011,32153
55013,32152
55015,32154
55017,32153
55019,32153
55021,32154
55023,32154
55025,32154
55027,32154
55029,32153
55031,32152
55033,32153
55035,32153
55037,32152
55039,32154
55041,32152
55043,32154
55045,32154
55047,32154
55049,32154
55051,32152
55053,32153
55055,32154
55057,32154
55059,32154
55061,32153
55063,32154
55065,32154
55067,32153
55069,32153
55071,32154
55073,32153
55075,32153
55077,32154
55078,32153
55079,32154
55081,32154
55083,32153
55085,32152
55087,32153
55089,32154
55091,32153
55093,32153
55095,32153
55097,32153
55099,32152
55101,32154
55103,32154
55105,32154
55107,32153
55109,32153
55111,32154
55113,32152
55115,32153
55117,32154
55119,32153
55121,32153
55123,32154
55125,32152
55127,32154
55129,32152
55131,32154
55133,32154
55135,32153
55137,32154
55139,32154
55141,32153
56001,32155
56003,32156
56005,32155
56007,32156
56009,32155
56011,32155
56013,32157
56015,32155
56017,32157
56019,32156
56021,32155
56023,32158
56025,32156
56027,32155
56029,32157
56031,32155
56033,32156
56035,32158
56037,32157
56039,32158
56041,32158
56043,32156
56045,32155
60010,32116
60020,32116
60030,32116
60040,32116
60050,32116
66010,4414
69085,6325
69100,6325
69110,6325
69120,6325
72001,32161
72003,32161
72005,32161
72007,32161
72009,32161
72011,32161
72013,32161
72015,32161
72017,32161
72019,32161
72021,32161
72023,32161
72025,32161
72027,32161
72029,32161
72031,32161
72033,32161
72035,32161
72037,32161
72039,32161
72041,32161
72043,32161
72045,32161
72047,32161
72049,32161
72051,32161
72053,32161
72054,32161
72055,32161
72057,32161
72059,32161
72061,32161
72063,32161
72065,32161
72067,32161
72069,32161
72071,32161
72073,32161
72075,32161
72077,32161
72079,32161
72081,32161
72083,32161
72085,32161
72087,32161
72089,32161
72091,32161
72093,32161
72095,32161
72097,32161
72099,32161
72101,32161
72103,32161
72105,32161
72107,32161
72109,32161
72111,32161
72113,32161
72115,32161
72117,32161
72119,32161
72121,32161
72123,32161
72125,32161
72127,32161
72129,32161
72131,32161
72133,32161
72135,32161
72137,32161
72139,32161
72141,32161
72143,32161
72145,32161
72147,32161
72149,32161
72151,32161
72153,32161
78010,32148
78020,32148
78030,32148
